 [
   {
   	"preferences_version": "6",
   
    "upload_url": "https://o3gm.cs.univie.ac.at/sensorium/",
    "upload_username": "o3gm_upload_user",
    "upload_password": "o3gm_upload_user_password",
    "upload_automatic": "true",
    "upload_wifi": "true",
    "upload_interval": "86400",
     
    "xmlrpc_enabled": "true",
     
    "sensor_autostart": "true",
    
	"at.univie.sensorium.sensors.BatterySensor": "true",
	"at.univie.sensorium.sensors.GPSLocationSensor": "true",
	"at.univie.sensorium.sensors.DeviceInfoSensor": "true",
	"at.univie.sensorium.sensors.FusedLocationSensor": "true",
	"at.univie.sensorium.sensors.NetworkLocationSensor": "true",
	"at.univie.sensorium.sensors.RadioSensor": "true",
	"at.univie.sensorium.sensors.SIMsSensor": "true",
	"at.univie.sensorium.sensors.PressureSensor": "true",
	"at.univie.sensorium.sensors.BluetoothSensor": "true",
	"at.univie.sensorium.sensors.WifiConnectionSensor": "true",
	"at.univie.sensorium.sensors.WifiSensor": "true",
	
	
	"at.univie.sensorium.sensors.BatterySensor-privacylevel": "0",
	"at.univie.sensorium.sensors.BluetoothSensor-privacylevel": "4",
	"at.univie.sensorium.sensors.GPSLocationSensor-privacylevel": "0",
	"at.univie.sensorium.sensors.FusedLocationSensor-privacylevel": "4",
	"at.univie.sensorium.sensors.DeviceInfoSensor-privacylevel": "0",
	"at.univie.sensorium.sensors.NetworkLocationSensor-privacylevel": "0",
	"at.univie.sensorium.sensors.PressureSensor-privacylevel": "4",
	"at.univie.sensorium.sensors.RadioSensor-privacylevel": "0",
	"at.univie.sensorium.sensors.SIMSensor-privacylevel": "0",
	"at.univie.sensorium.sensors.WifiConnectionSensor-privacylevel": "4",
	"at.univie.sensorium.sensors.WifiSensor-privacylevel": "4"
	 
   }
 ]
 