 [
   {
     "upload_url": "https://o3gm.cs.univie.ac.at/sensorium/",
     "upload_username": "o3gm_upload_user",
     "upload_password": "o3gm_upload_user_password",
     "upload_automatic": "true",
     "upload_wifi": "false",
     "upload_interval": "3600",
     
     "xmlrpc_enabled": "true",
     "sensor_autostart": "true",
	
	"at.univie.sensorium.sensors.BatterySensor": "true",
	"at.univie.sensorium.sensors.GPSLocationSensor": "true",
	"at.univie.sensorium.sensors.DeviceInfoSensor": "true",
	"at.univie.sensorium.sensors.NetworkLocationSensor": "true",
	"at.univie.sensorium.sensors.RadioSensor": "true",
	"at.univie.sensorium.sensors.BluetoothSensor": "false",
	"at.univie.sensorium.sensors.WifiConnectionSensor": "false",
	"at.univie.sensorium.sensors.WifiSensor": "false",
	
	
	"at.univie.sensorium.sensors.BatterySensor-privacylevel": "0",
	"at.univie.sensorium.sensors.BluetoothSensor-privacylevel": "4",
	"at.univie.sensorium.sensors.GPSLocationSensor-privacylevel": "0",
	"at.univie.sensorium.sensors.DeviceInfoSensor-privacylevel": "0",
	"at.univie.sensorium.sensors.NetworkLocationSensor-privacylevel": "0",
	"at.univie.sensorium.sensors.RadioSensor-privacylevel": "0",
	"at.univie.sensorium.sensors.WifiConnectionSensor-privacylevel": "4",
	"at.univie.sensorium.sensors.WifiSensor-privacylevel": "4"
	 
   }
 ]
 