<?xml version="1.0" encoding="UTF-8" ?>
<project>
	<owner></owner>
	<copyright><![CDATA[This source is part of the
     _____  ___   ____
 __ / / _ \/ _ | / __/___  _______ _
/ // / , _/ __ |/ _/_/ _ \/ __/ _ `/
\___/_/|_/_/ |_/_/ (_)___/_/  \_, /
                             /___/
repository.

Copyright 2012 Benoit 'BoD' Lubek (BoD@JRAF.org).  All Rights Reserved.

This program is free software: you can redistribute it and/or modify
it under the terms of the GNU General Public License as published by
the Free Software Foundation, either version 3 of the License, or
(at your option) any later version.

This program is distributed in the hope that it will be useful,
but WITHOUT ANY WARRANTY; without even the implied warranty of
MERCHANTABILITY or FITNESS FOR A PARTICULAR PURPOSE.  See the
GNU General Public License for more details.

You should have received a copy of the GNU General Public License
along with this program.  If not, see <http://www.gnu.org/licenses/>.]]></copyright>
	<header contentId="org.eclipse.ltk.core.refactoring.refactoringHistory" excluded="true" />
	<header contentId="org.eclipse.jdt.core.javaProperties" excluded="true" />
	<header contentId="org.eclipse.jdt.core.JARManifest" excluded="true" />
	<header contentId="org.eclipse.mylyn.wikitext" excluded="true" />
	<header contentId="org.eclipse.core.runtime.text" postBlankLines="0" lineFormat="true" preserveFirstLine="false">
		<beginLine><![CDATA[-]]></beginLine>
		<linePrefix><![CDATA[]]></linePrefix>
		<endLine><![CDATA[-]]></endLine>
	</header>
	<header contentId="org.eclipse.wst.dtd.core.dtdsource" excluded="true" />
	<header contentId="org.eclipse.ui.views.log.log" excluded="true" />
	<header contentId="org.eclipse.ltk.core.refactoring.refactoringIndex" excluded="true" />
	<header contentId="org.eclipse.jdt.core.javaSource" postBlankLines="0" lineFormat="false" preserveFirstLine="false">
		<beginLine><![CDATA[/*]]></beginLine>
		<linePrefix><![CDATA[ * ]]></linePrefix>
		<endLine><![CDATA[ */]]></endLine>
	</header>
	<header contentId="org.eclipse.core.runtime.xml" excluded="true" />
	<header contentId="org.eclipse.wst.xml.core.xmlsource" excluded="true" />
</project>
