{
	"syntaxVersion": "3",
	"projectPackageId": "org.jraf.androidcontentprovidergenerator.sample",
	"authority": "org.jraf.androidcontentprovidergenerator.sample.provider",
	"providerJavaPackage": "org.jraf.androidcontentprovidergenerator.sample.provider",
	"providerClassName": "SampleProvider",
	"sqliteOpenHelperClassName": "SampleSQLiteOpenHelper",
	"sqliteOpenHelperCallbacksClassName": "SampleSQLiteOpenHelperCallbacks",
	"databaseFileName": "sample.db",
	"databaseVersion": 1,
	"enableForeignKeys": true,
	"useAnnotations": true
}
